Date;winner;loser
30/11/2016;Shiso;Tabu
30/11/2016;Muku;Shida
30/11/2016;Shika;Mochi
30/11/2016;Yuu;Yumin
01/12/2016;Kibana;Usu
02/12/2016;Kibana;Kinoko
02/12/2016;Shiso;Yomogi
02/12/2016;Shiso;Kote
03/12/2016;Okura;Kinoko
03/12/2016;Kei;Okura
03/12/2016;Kei;Mikan
03/12/2016;Kei;Serori
05/12/2016;Omoto;Yumin
05/12/2016;Okura;Hado
05/12/2016;Kinoko;Betei
05/12/2016;Kei;Serori
05/12/2016;Yomogi;Pichi
05/12/2016;Shiira;Tsutsuji
07/12/2016;Okura;Yuna
07/12/2016;Serori;Nire
07/12/2016;Kei;Yashi
07/12/2016;Shika;Mushi
07/12/2016;Yamu;Muku
07/12/2016;Yone;Komatsu
07/12/2016;Okapi;Kanna
07/12/2016;Kei;Kinoko
07/12/2016;Serori;Binega
07/12/2016;Serori;Uso
07/12/2016;Kei;Omoto
07/12/2016;Tabu;Tsuwa
07/12/2016;Kei;Muku
07/12/2016;Yashi;Kibana
07/12/2016;Yamu;Yone
07/12/2016;Yotsuba;Yomogi
07/12/2016;Shika;Mochi
07/12/2016;Kei;Shide
07/12/2016;Shiso;Shiira
07/12/2016;Shiso;Kote
07/12/2016;Kinoko;Okapi
08/12/2016;Tsutsuji;Mekki
08/12/2016;Shiira;Tabu
08/12/2016;Kei;Kizu
08/12/2016;Yashi;Shida
08/12/2016;Shide;Shida
08/12/2016;Takana;Okapi
08/12/2016;Kei;Tabu
08/12/2016;Shika;Okapi
08/12/2016;Shide;Tabu
08/12/2016;Kei;Tsuwa
08/12/2016;Kei;Shide
08/12/2016;Kibana;Hado
08/12/2016;Kei;Tabu
08/12/2016;Takana;Okura
08/12/2016;Shide;Tsutsuji
08/12/2016;Muku;Betei
08/12/2016;Kei;Kizu
08/12/2016;Yashi;Muku
08/12/2016;Usu;Muku
08/12/2016;Omoto;Muku
09/12/2016;Kei;Yashi
09/12/2016;Uso;Usu
09/12/2016;Kei;Shide
09/12/2016;Yuu;Usu
09/12/2016;Kei;Shide
09/12/2016;Shida;Bon
09/12/2016;Shika;Shiso
09/12/2016;Yamu;Nire
09/12/2016;Shide;Tabu
09/12/2016;Okura;Hado
09/12/2016;Shide;Shiira
09/12/2016;Okura;Kibana
09/12/2016;Shide;Shika
09/12/2016;Kote;Mizu
09/12/2016;Shide;Shika
09/12/2016;Shiso;Usu
09/12/2016;Kei;Yashi
09/12/2016;Kizu;Serori
09/12/2016;Yashi;Tabu
09/12/2016;Mizu;Kanna
09/12/2016;Kei;Yashi
09/12/2016;Kizu;Kinoko
09/12/2016;Shide;Shida
09/12/2016;Shiso;Kinoko
09/12/2016;Shide;Shiira
09/12/2016;Shide;Hado
09/12/2016;Kei;Yashi
09/12/2016;Kei;Shide
09/12/2016;Shide;Tsutsuji
09/12/2016;Shika;Yashi
09/12/2016;Shide;Shika
09/12/2016;Shide;Yashi
09/12/2016;Shide;Shika
09/12/2016;Shide;Yashi
09/12/2016;Shide;Tsutsuji
09/12/2016;Kei;Shide
09/12/2016;Kei;Tabu
09/12/2016;Shika;Muku
10/12/2016;Kei;Noru
11/12/2016;Kei;Yone
11/12/2016;Kei;Tsuwa
11/12/2016;Okura;Okapi
11/12/2016;Okura;Yumin
11/12/2016;Shiso;Okura
11/12/2016;Shika;Okura
11/12/2016;Kei;Yashi
11/12/2016;Kei;Yashi
11/12/2016;Kei;Shiira
11/12/2016;Kei;Shiso
11/12/2016;Kei;Yashi
11/12/2016;Kei;Tabu
11/12/2016;Kei;Shide
11/12/2016;Kei;Yashi
11/12/2016;Kei;Tsutsuji
11/12/2016;Uso;Muku
11/12/2016;Shide;Shiira
11/12/2016;Yashi;Yamu
11/12/2016;Shide;Yashi
11/12/2016;Kei;Shide
11/12/2016;Kei;Shida
11/12/2016;Kei;Yashi
11/12/2016;Kei;Tabu
11/12/2016;Kei;Yashi
11/12/2016;Shide;Tsutsuji
12/12/2016;Yomogi;Muku
12/12/2016;Bon;Nire
12/12/2016;Tsutsuji;Binega
12/12/2016;Keta;Mushi
12/12/2016;Kei;Shiira
12/12/2016;Kei;Shiira
12/12/2016;Shida;Tsutsuji
12/12/2016;Tabu;Tsutsuji
12/12/2016;Tsutsuji;Komatsu
12/12/2016;Yashi;Noru
12/12/2016;Shide;Binega
12/12/2016;Kei;Tsutsuji
12/12/2016;Shide;Shida
12/12/2016;Kei;Kibana
12/12/2016;Kei;Okura
12/12/2016;Okura;Kibana
12/12/2016;Kei;Mushi
12/12/2016;Kei;Yashi
13/12/2016;Kei;Bon
13/12/2016;Tsuwa;Yomogi
13/12/2016;Kei;Tsutsuji
13/12/2016;Kei;Kote
13/12/2016;Kei;Tsutsuji
13/12/2016;Kei;Tabu
13/12/2016;Kei;Shide
13/12/2016;Kei;Yone
13/12/2016;Kei;Shika
13/12/2016;Kei;Kinoko
13/12/2016;Tabu;Kote
13/12/2016;Kei;Yotsuba
13/12/2016;Kei;Komatsu
13/12/2016;Kei;Yamu
13/12/2016;Kei;Hado
13/12/2016;Kei;Yone
13/12/2016;Shide;Tsutsuji
13/12/2016;Kei;Yotsuba
13/12/2016;Kei;Yomogi
13/12/2016;Kei;Kinoko
13/12/2016;Kei;Shide
13/12/2016;Kei;Kinoko
13/12/2016;Kei;Yone
13/12/2016;Kei;Shiso
13/12/2016;Yamu;Kanna
14/12/2016;Kei;Toga
14/12/2016;Kei;Kinoko
14/12/2016;Kei;Yomogi
14/12/2016;Shiira;Mekki
14/12/2016;Tabu;Shiira
14/12/2016;Tabu;Mochi
14/12/2016;Shide;Shiira
14/12/2016;Takana;Tsuwa
14/12/2016;Kinoko;Binega
14/12/2016;Omoto;Yuu
14/12/2016;Kei;Shiira
14/12/2016;Kei;Kizu
14/12/2016;Yamu;Komatsu
14/12/2016;Yamu;Kote
15/12/2016;Usu;Serori
15/12/2016;Kei;Shiira
15/12/2016;Kizu;Usu
15/12/2016;Okura;Muku
15/12/2016;Okura;Usu
15/12/2016;Kote;Hado
15/12/2016;Tsuwa;Shiira
15/12/2016;Takana;Okura
15/12/2016;Okura;Mochi
15/12/2016;Shide;Haku
15/12/2016;Kei;Shiira
15/12/2016;Yamu;Okapi
15/12/2016;Shide;Toga
15/12/2016;Yashi;Muku
15/12/2016;Kei;Shide
15/12/2016;Takana;Noru
15/12/2016;Kei;Shiira
15/12/2016;Kei;Shiso
15/12/2016;Shiira;Mochi
15/12/2016;Shide;Noru
15/12/2016;Kei;Shiira
15/12/2016;Serori;Kanna
15/12/2016;Serori;Mushi
15/12/2016;Shiso;Omoto
15/12/2016;Kei;Tabu
15/12/2016;Yashi;Kizu
15/12/2016;Mikan;Minku
15/12/2016;Okura;Mizu
15/12/2016;Kei;Shide
15/12/2016;Okura;Kote
15/12/2016;Omoto;Kizu
15/12/2016;Shide;Shika
15/12/2016;Okura;Kote
15/12/2016;Serori;Muku
15/12/2016;Shide;Yashi
15/12/2016;Yuna;Binega
15/12/2016;Shika;Serori
15/12/2016;Shide;Yomogi
15/12/2016;Shide;Tabu
15/12/2016;Omoto;Usu
15/12/2016;Yuu;Binega
15/12/2016;Haku;Pichi
15/12/2016;Yuna;Pichi
15/12/2016;Kizu;Usu
15/12/2016;Tsuwa;Usu
15/12/2016;Kinoko;Kanna
15/12/2016;Yone;Usu
15/12/2016;Omoto;Hado
18/12/2016;Shiira;Tsutsuji
18/12/2016;Okura;Betei
18/12/2016;Shide;Shika
18/12/2016;Shika;Yamu
18/12/2016;Shika;Shiira
18/12/2016;Yashi;Mizu
18/12/2016;Yashi;Mizu
18/12/2016;Kei;Shiira
18/12/2016;Komatsu;Usu
18/12/2016;Kei;Tsutsuji
18/12/2016;Noru;Mushi
18/12/2016;Kei;Tabu
18/12/2016;Yone;Yomogi
18/12/2016;Mushi;Minku
18/12/2016;Shika;Mikan
18/12/2016;Yashi;Shida
18/12/2016;Mushi;Minku
18/12/2016;Shide;Takana
18/12/2016;Okura;Minku
18/12/2016;Shide;Shida
18/12/2016;Shika;Yomogi
18/12/2016;Yashi;Shiira
18/12/2016;Shide;Tabu
18/12/2016;Shiira;Shida
18/12/2016;Shide;Shiira
18/12/2016;Shide;Yamu
19/12/2016;Omoto;Minku
19/12/2016;Kei;Shide
19/12/2016;Shide;Shiso
19/12/2016;Hado;Mikan
19/12/2016;Mikan;Betei
19/12/2016;Noru;Kibana
19/12/2016;Uso;Beni
19/12/2016;Shiira;Haku
19/12/2016;Tabu;Kote
19/12/2016;Okapi;Usu
19/12/2016;Noru;Kote
19/12/2016;Kei;Beni
19/12/2016;Usu;Binega
19/12/2016;Kei;Tsuwa
19/12/2016;Shide;Yamu
19/12/2016;Usu;Binega
19/12/2016;Kei;Bon
19/12/2016;Kei;Shide
19/12/2016;Serori;Binega
19/12/2016;Uso;Suma
19/12/2016;Shide;Shiira
19/12/2016;Kei;Yone
19/12/2016;Kei;Shide
19/12/2016;Kei;Shide
19/12/2016;Tabu;Komatsu
19/12/2016;Yone;Serori
19/12/2016;Kei;Tsuwa
19/12/2016;Serori;Usu
19/12/2016;Yamu;Kizu
19/12/2016;Shide;Shiira
19/12/2016;Suma;Mizu
19/12/2016;Okura;Minku
19/12/2016;Omoto;Yone
19/12/2016;Shide;Tsuwa
19/12/2016;Omoto;Noko
19/12/2016;Okura;Binega
19/12/2016;Yone;Mikan
19/12/2016;Takana;Serori
19/12/2016;Okapi;Beni
19/12/2016;Serori;Toga
19/12/2016;Tabu;Shida
19/12/2016;Noru;Yone
19/12/2016;Kizu;Usu
19/12/2016;Kei;Shide
19/12/2016;Uso;Mikan
19/12/2016;Serori;Usu
19/12/2016;Shide;Tabu
19/12/2016;Shiso;Hiba
19/12/2016;Yashi;Tsutsuji
19/12/2016;Kei;Tsuwa
19/12/2016;Yamu;Hiba
19/12/2016;Yashi;Betei
19/12/2016;Kei;Shide
19/12/2016;Yashi;Kote
19/12/2016;Yashi;Shiira
19/12/2016;Kei;Shide
19/12/2016;Kei;Yashi
19/12/2016;Kinoko;Serori
19/12/2016;Kei;Shiira
19/12/2016;Yashi;Noko
19/12/2016;Yuu;Serori
19/12/2016;Shide;Kote
19/12/2016;Yashi;Kote
19/12/2016;Kei;Shide
19/12/2016;Omoto;Yone
19/12/2016;Yamu;Kote
19/12/2016;Shida;Haku
19/12/2016;Kei;Tsuwa
19/12/2016;Shide;Shiira
19/12/2016;Okapi;Yomogi
19/12/2016;Kei;Shide
19/12/2016;Usu;Minku
19/12/2016;Yomogi;Noru
19/12/2016;Tabu;Shida
19/12/2016;Shide;Tabu
19/12/2016;Mikan;Mochi
19/12/2016;Tabu;Tsutsuji
19/12/2016;Kei;Shide
19/12/2016;Kei;Yashi
19/12/2016;Shide;Shika
19/12/2016;Yashi;Shika
20/12/2016;Shide;Shiira
20/12/2016;Shide;Shiira
20/12/2016;Shide;Shika
20/12/2016;Shiira;Yomogi
20/12/2016;Shide;Yomogi
20/12/2016;Shide;Shida
20/12/2016;Shika;Haku
20/12/2016;Kei;Shide
20/12/2016;Kei;Shide
20/12/2016;Shika;Shiira
20/12/2016;Yashi;Kote
20/12/2016;Shika;Shiira
20/12/2016;Kei;Shide
20/12/2016;Shika;Yashi
20/12/2016;Kei;Tabu
20/12/2016;Kei;Shide
20/12/2016;Kei;Yashi
20/12/2016;Okura;Mizu
20/12/2016;Kei;Tabu
20/12/2016;Noko;Muku
20/12/2016;Kei;Shiso
20/12/2016;Kei;Shiso
20/12/2016;Kei;Shiso
24/12/2016;Toga;Nire
24/12/2016;Shika;Hado
24/12/2016;Shika;Kizu
24/12/2016;Shika;Hado
24/12/2016;Kizu;Yone
24/12/2016;Kizu;Hiba
24/12/2016;Shika;Yashi
24/12/2016;Shika;Yashi
24/12/2016;Shika;Yashi
24/12/2016;Shide;Takana
24/12/2016;Kei;Shide
24/12/2016;Kei;Tsuwa
24/12/2016;Shika;Mushi
24/12/2016;Kinoko;Okapi
24/12/2016;Yashi;Shida
24/12/2016;Shide;Tabu
24/12/2016;Toga;Nire
24/12/2016;Okura;Hado
24/12/2016;Okura;Yomogi
25/12/2016;Kei;Yashi
25/12/2016;Kei;Shide
25/12/2016;Kei;Tabu
25/12/2016;Kei;Shide
25/12/2016;Kei;Shide
25/12/2016;Kei;Yamu
25/12/2016;Yashi;Tsutsuji
25/12/2016;Shide;Yashi
25/12/2016;Kei;Shide
05/01/2017;Shika;Kibana
05/01/2017;Okura;Mekki
05/01/2017;Yashi;Shiira
05/01/2017;Kizu;Bon
05/01/2017;Shiira;Muku
05/01/2017;Omoto;Usu
05/01/2017;Shida;Muku
05/01/2017;Shiso;Kibana
05/01/2017;Serori;Toga
05/01/2017;Tsuwa;Kibana
05/01/2017;Okura;Bon
05/01/2017;Shida;Hado
05/01/2017;Kizu;Toga
05/01/2017;Omoto;hirame
05/01/2017;Usu;Nire
05/01/2017;Hado;Kanna
05/01/2017;Mikan;Pichi
05/01/2017;Kei;Yashi
05/01/2017;Shiira;Usu
05/01/2017;Yuu;Mizu
05/01/2017;Kei;Yashi
05/01/2017;Shiira;Mekki
05/01/2017;Kizu;Mizu
05/01/2017;Kei;Yashi
05/01/2017;Haku;Hado
05/01/2017;Okura;Usu
05/01/2017;Kibana;Keta
05/01/2017;Kei;Shide
05/01/2017;Kizu;Yone
05/01/2017;Kibana;Keta
05/01/2017;Kei;Okura
05/01/2017;Shide;Okapi
05/01/2017;Okura;Minku
05/01/2017;Yamu;Kinoko
05/01/2017;Shida;Komatsu
05/01/2017;Shika;Yone
05/01/2017;Beni;Minku
05/01/2017;Betei;Suma
05/01/2017;Kinoko;Serori
05/01/2017;Yamu;Toga
05/01/2017;Shide;Shiso
05/01/2017;Shide;Shiso
05/01/2017;Shiira;Toga
05/01/2017;Shide;Tabu
05/01/2017;Kei;Shiira
05/01/2017;Shide;Tabu
06/01/2017;Kei;Shide
06/01/2017;Kei;Shide
06/01/2017;Kei;Shide
06/01/2017;Kei;Shide
06/01/2017;Shide;Shiso
06/01/2017;Kei;Shide
06/01/2017;Shide;Shiso
07/01/2017;Keta;Shiso
07/01/2017;Keta;Shiso
07/01/2017;Kizu;Hiba
07/01/2017;Minku;Shiso
07/01/2017;Minku;Shiso
07/01/2017;Kanna;Mikan
07/01/2017;Serori;Kanna
07/01/2017;Tabu;Usu
07/01/2017;Shide;Tabu
07/01/2017;Shide;Tabu
07/01/2017;Shide;Tabu
07/01/2017;Shide;Shiira
07/01/2017;Shide;Tabu
07/01/2017;Shide;Yashi
07/01/2017;Kei;Shide
07/01/2017;Shide;Okapi
07/01/2017;Shide;Kibana
07/01/2017;Shide;Kibana
07/01/2017;Keta;Shide
07/01/2017;Keta;Kibana
08/01/2017;Yamu;Yone
08/01/2017;Shiso;Yone
08/01/2017;Kei;Tsuwa
08/01/2017;Kei;Tsuwa
08/01/2017;Kei;Toga
08/01/2017;Kei;Beni
08/01/2017;Shiso;Mikan
08/01/2017;Shiso;Mikan
08/01/2017;Shide;Yamu
08/01/2017;Shide;Yamu
08/01/2017;Shide;Yamu
08/01/2017;Shide;Yamu
09/01/2017;Kei;Muku
09/01/2017;Keta;Toga
09/01/2017;Keta;Kinoko
09/01/2017;Kinoko;Botan
09/01/2017;Kinoko;Yotsuba
09/01/2017;Keta;Shiso
09/01/2017;Keta;Shiso
09/01/2017;Kei;Shida
09/01/2017;Kei;Shika
09/01/2017;Mikan;Toga
09/01/2017;Keta;Okapi
09/01/2017;Keta;Okapi
09/01/2017;Keta;Okapi
09/01/2017;Shide;Okapi
09/01/2017;Suma;Okapi
09/01/2017;Suma;Okura
09/01/2017;Kei;Shide
09/01/2017;Kei;Shiso
09/01/2017;Shide;Muku
09/01/2017;Kei;Shide
09/01/2017;Kei;Shide
09/01/2017;Kei;Tabu
09/01/2017;Shide;Tabu
09/01/2017;Kei;Shide
09/01/2017;Kei;Tabu
09/01/2017;Kei;Shiira
09/01/2017;Kei;Tabu
09/01/2017;Kei;Shide
09/01/2017;Kei;Muku
09/01/2017;Shide;Tabu
09/01/2017;Shide;Yamu
10/01/2017;Mizu;Usu
10/01/2017;Bon;Betei
10/01/2017;Shide;Yashi
10/01/2017;Kei;Muku
10/01/2017;Serori;Toga
10/01/2017;Kei;Mikan
10/01/2017;Yomogi;Noko
10/01/2017;Kei;Kibana
10/01/2017;Mizu;Betei
10/01/2017;Takana;Beni
10/01/2017;Okura;Tabu
10/01/2017;Minku;Tsuwa
10/01/2017;Kei;Tsuwa
10/01/2017;Shika;Beni
10/01/2017;Kizu;Toga
10/01/2017;Noru;Beni
10/01/2017;Yuu;Muku
10/01/2017;Kibana;Beni
10/01/2017;Serori;Pichi
10/01/2017;Tabu;Beni
10/01/2017;Shiso;Serori
10/01/2017;Kei;Beni
10/01/2017;Shika;Yotsuba
10/01/2017;Tabu;Beni
10/01/2017;Kei;Muku
10/01/2017;Kei;Beni
10/01/2017;Minku;Beni
10/01/2017;Kei;Shiso
10/01/2017;Kei;Shide
10/01/2017;Kibana;Mikan
10/01/2017;Shide;Kibana
10/01/2017;Shide;Tabu
10/01/2017;Shide;Tabu
10/01/2017;Shide;Tabu
13/01/2017;Kei;Shika
14/01/2017;Shiira;Tsuwa
14/01/2017;Tabu;Kinoko
14/01/2017;Tabu;Shiira
14/01/2017;Tabu;Tsutsuji
14/01/2017;Shide;Tsutsuji
14/01/2017;Shide;Tabu
14/01/2017;Shide;Tabu
14/01/2017;Shide;Tsuwa
14/01/2017;Shide;Tabu
14/01/2017;Kei;Shide
14/01/2017;Shide;Tabu
14/01/2017;Kei;Shide
14/01/2017;Shide;Tabu
14/01/2017;Shide;Tabu
14/01/2017;Shide;Tabu
14/01/2017;Shide;Tabu
14/01/2017;Tsuwa;Hado
14/01/2017;Kei;Tabu
15/01/2017;Shide;Tabu
15/01/2017;Tabu;Yuna
15/01/2017;Shide;Shiira
15/01/2017;Shide;Tabu
15/01/2017;Keta;Tabu
15/01/2017;Shide;Tabu
15/01/2017;Shide;Serori
15/01/2017;Shide;Yuna
15/01/2017;Minku;Shide
15/01/2017;Minku;Tabu
15/01/2017;Shide;Bon
15/01/2017;Shide;Kibana
15/01/2017;Shide;Tabu
15/01/2017;Shiso;Mikan
15/01/2017;Kei;Shiso
15/01/2017;Kei;Shiso
15/01/2017;Kei;Shide
15/01/2017;Kei;Shide
15/01/2017;Shide;Tabu
15/01/2017;Shide;Tabu
15/01/2017;Shide;Tabu
15/01/2017;Shide;Shiso
15/01/2017;Shide;Tabu
15/01/2017;Shide;Shiso
15/01/2017;Shiso;Kibana
15/01/2017;Kibana;Shiira
15/01/2017;Shide;Tabu
15/01/2017;Tsuwa;Muku
15/01/2017;Omoto;Binega
15/01/2017;Kei;Beni
16/01/2017;Suma;Mikan
16/01/2017;Kei;Serori
16/01/2017;Omoto;Noru
16/01/2017;Kibana;Serori
16/01/2017;Mizu;Toga
16/01/2017;Kizu;Beni
16/01/2017;Omoto;Uso
16/01/2017;Omoto;Serori
16/01/2017;Haku;hirame
16/01/2017;Tsuwa;hirame
16/01/2017;Omoto;Tsutsuji
16/01/2017;Kizu;Serori
16/01/2017;Kizu;Kote
16/01/2017;Kei;Shide
16/01/2017;Shide;Tsutsuji
16/01/2017;Kei;Takana
16/01/2017;Kei;Tabu
16/01/2017;Haku;Mochi
16/01/2017;Yuu;Serori
16/01/2017;Kei;Shide
16/01/2017;Tabu;Kote
16/01/2017;Minku;Kote
16/01/2017;Shide;Yashi
16/01/2017;Kei;Shide
16/01/2017;Kei;Yashi
16/01/2017;Shide;Tabu
16/01/2017;Shide;Tabu
16/01/2017;Yashi;Minku
16/01/2017;Kei;Minku
16/01/2017;Kei;Yashi
16/01/2017;Tabu;Shiira
16/01/2017;Tsutsuji;Binega
16/01/2017;Omoto;Shiira
16/01/2017;Shide;Omoto
16/01/2017;Shiira;Binega
16/01/2017;Shide;Tsutsuji
16/01/2017;Shide;Minku
16/01/2017;Kei;Tsuwa
16/01/2017;Kei;Tsuwa
16/01/2017;Kei;Yashi
16/01/2017;Shide;Tsutsuji
16/01/2017;Kizu;Hiba
16/01/2017;Minku;Tsuwa
16/01/2017;Minku;Tsuwa
16/01/2017;Minku;Binega
16/01/2017;Minku;Tsuwa
16/01/2017;Kei;Minku
16/01/2017;Usu;Mekki
16/01/2017;Yuu;Yumin
16/01/2017;Minku;Tsuwa
16/01/2017;Tsuwa;Kinoko
16/01/2017;Shide;Yamu
16/01/2017;Shida;Mekki
16/01/2017;Minku;Tsuwa
17/01/2017;Mushi;Kinoko
17/01/2017;Omoto;Serori
17/01/2017;Shide;Tabu
17/01/2017;Shide;Tabu
17/01/2017;Yashi;Tabu
17/01/2017;Kei;Usu
17/01/2017;Noko;Mochi
17/01/2017;Muku;Binega
17/01/2017;Noko;Mochi
17/01/2017;Yashi;Toga
17/01/2017;Kei;Pan
17/01/2017;Kei;Mizu
17/01/2017;Shida;Yotsuba
17/01/2017;Shida;Yotsuba
17/01/2017;Kei;Shide
17/01/2017;Okapi;Yuna
17/01/2017;Kei;Shide
17/01/2017;Kinoko;Beni
17/01/2017;Serori;Usu
17/01/2017;Hiba;Betei
17/01/2017;Serori;Betei
17/01/2017;Yashi;Usu
17/01/2017;Usu;Binega
17/01/2017;Shika;Kanna
17/01/2017;Yuu;Mikan
17/01/2017;Kizu;Yotsuba
17/01/2017;Yashi;Noru
17/01/2017;Usu;Yotsuba
17/01/2017;Serori;Beni
17/01/2017;Yotsuba;Binega
17/01/2017;Okapi;Kote
17/01/2017;Okapi;Serori
17/01/2017;Kote;Tsutsuji
17/01/2017;Tsuwa;Okura
17/01/2017;Yashi;Tsutsuji
17/01/2017;Yashi;Tsutsuji
17/01/2017;Omoto;Okapi
17/01/2017;Shika;Yashi
17/01/2017;Kizu;Pichi
17/01/2017;Shiso;Tsuwa
17/01/2017;Yotsuba;Pan
17/01/2017;Yotsuba;Mekki
17/01/2017;Shiira;Shida
17/01/2017;Shika;Yone
17/01/2017;Minku;Yuna
17/01/2017;Yashi;Okapi
17/01/2017;Yashi;Takana
17/01/2017;Suma;Kizu
17/01/2017;Shiso;Yone
17/01/2017;Shide;Shiso
17/01/2017;Mikan;Pan
18/01/2017;Shide;Yone
18/01/2017;Tabu;Tsutsuji
18/01/2017;Shide;Kibana
18/01/2017;Shide;Tabu
18/01/2017;Shide;Shika
18/01/2017;Shide;Tabu
18/01/2017;Shide;Haku
18/01/2017;Minku;Shide
18/01/2017;Minku;Kibana
18/01/2017;Shide;Haku
18/01/2017;Yashi;Shida
18/01/2017;Kei;Shida
18/01/2017;Kei;Shide
18/01/2017;Shide;Tabu
18/01/2017;Okapi;Yone
18/01/2017;Yone;Yomogi
18/01/2017;Shika;Muku
18/01/2017;Shika;Kinoko
18/01/2017;Shika;Kinoko
18/01/2017;Kinoko;Muku
18/01/2017;Shide;Beni
19/01/2017;Shika;Tsuwa
19/01/2017;Shide;Shiso
19/01/2017;Kei;Yashi
19/01/2017;Kei;Shida
19/01/2017;Shide;Tabu
19/01/2017;Kei;Yashi
19/01/2017;Shika;Mizu
19/01/2017;Shika;Tsuwa
19/01/2017;Shika;Minku
19/01/2017;Shika;Usu
19/01/2017;Shika;Pichi
19/01/2017;Tabu;Muku
19/01/2017;Shiira;Shika
19/01/2017;Shika;Omoto
19/01/2017;Yomogi;Serori
19/01/2017;Shide;Okapi
19/01/2017;Suma;Okura
19/01/2017;Suma;Okura
19/01/2017;Kei;Tsuwa
19/01/2017;Shika;Mizu
19/01/2017;Shika;Omoto
19/01/2017;Shide;Yone
19/01/2017;Shide;Tsuwa
20/01/2017;Suma;Tsuwa
20/01/2017;Shide;Shiso
20/01/2017;Kei;Shide
20/01/2017;Shide;Shiso
20/01/2017;Kei;Shide
20/01/2017;Kei;Shiso
20/01/2017;Shide;Tabu
20/01/2017;Shide;Tabu
20/01/2017;Shide;Tabu
20/01/2017;Kei;Tabu
20/01/2017;Kei;Shide
20/01/2017;Kei;Yashi
20/01/2017;Shide;Tabu
20/01/2017;Kei;Shide
20/01/2017;Kei;Tabu
20/01/2017;Minku;Shide
20/01/2017;Minku;Tabu
20/01/2017;Minku;Shide
20/01/2017;Minku;Tabu
20/01/2017;Minku;Shide
20/01/2017;Yashi;Shida
20/01/2017;Yashi;Shida
20/01/2017;Kei;Shide
20/01/2017;Suma;Okapi
21/01/2017;Kibana;Yuu
21/01/2017;Shide;Yashi
21/01/2017;Minku;Shide
21/01/2017;Minku;Shide
21/01/2017;Minku;Tabu
21/01/2017;Shide;Kizu
21/01/2017;Minku;Shiso
21/01/2017;Kinoko;Serori
21/01/2017;Kibana;Yone
21/01/2017;Shide;Shiira
21/01/2017;Kibana;Mochi
21/01/2017;Kei;Serori
21/01/2017;Shide;Shiso
21/01/2017;Serori;Suma
21/01/2017;Shide;Yashi
21/01/2017;Kei;Okapi
21/01/2017;Suma;Yone
21/01/2017;Kei;Tsuwa
21/01/2017;Takana;Okura
21/01/2017;Takana;Tsuwa
21/01/2017;Kei;Okura
21/01/2017;Kei;Tsuwa
21/01/2017;Kei;Okura
21/01/2017;Kei;Okura
21/01/2017;Kei;Okura
21/01/2017;Minku;Tsuwa
21/01/2017;Yamu;Yone
21/01/2017;Shide;Hado
21/01/2017;Yamu;Kizu
21/01/2017;Shiso;Toga
21/01/2017;Usu;Toga
21/01/2017;Takana;Toga
21/01/2017;Shide;Toga
21/01/2017;Shiso;Kizu
21/01/2017;Kibana;Kanna
21/01/2017;Kizu;Kanna
21/01/2017;Kei;Kanna
21/01/2017;Kei;Usu
24/01/2017;Kei;Toga
24/01/2017;Shide;Tabu
24/01/2017;Shide;Shiso
24/01/2017;Kei;Binega
24/01/2017;Yone;Kanna
24/01/2017;Yone;Kanna
24/01/2017;Shide;Shiso
24/01/2017;Shide;Tsuwa
24/01/2017;Shika;Tsuwa
25/01/2017;Omoto;Yomogi
25/01/2017;Shide;Tabu
25/01/2017;Shide;Tabu
25/01/2017;Shide;Tabu
25/01/2017;Minku;Shide
25/01/2017;Minku;Shide
25/01/2017;Minku;Shide
25/01/2017;Minku;Shide
25/01/2017;Shide;Shiira
25/01/2017;Minku;Shide
25/01/2017;Minku;Shide
25/01/2017;Minku;Shide
25/01/2017;Minku;Kibana
25/01/2017;Yashi;Pan
25/01/2017;Yashi;Shiira
25/01/2017;Tabu;Shida
25/01/2017;Okura;Muku
25/01/2017;Hiba;Binega
25/01/2017;Kizu;Haku
25/01/2017;Omoto;Hado
25/01/2017;Shiso;Mikan
25/01/2017;Shiso;Usu
25/01/2017;Tabu;Mikan
25/01/2017;Beni;Betei
25/01/2017;Keta;Kizu
25/01/2017;Kizu;Betei
25/01/2017;Omoto;Noko
25/01/2017;Omoto;Noko
25/01/2017;Shiso;Omoto
25/01/2017;Omoto;Noko
25/01/2017;Omoto;Noko
25/01/2017;Omoto;Noko
25/01/2017;Keta;Serori
25/01/2017;Yashi;Kinoko
25/01/2017;Kei;Mizu
26/01/2017;Mikan;Serori
26/01/2017;Tsuwa;Yamu
26/01/2017;Kibana;Kanna
26/01/2017;Kibana;Kanna
26/01/2017;Shika;Minku
26/01/2017;Kei;Yamu
26/01/2017;Kei;Kinoko
26/01/2017;Kizu;Yomogi
26/01/2017;Omoto;Yotsuba
26/01/2017;Usu;Suma
26/01/2017;Tsuwa;Kibana
26/01/2017;Tsuwa;Mochi
26/01/2017;Omoto;Okapi
26/01/2017;Shiira;Yumin
26/01/2017;Kibana;Tabu
26/01/2017;Shika;Kibana
26/01/2017;Kei;Yashi
26/01/2017;Usu;Kanna
26/01/2017;Omoto;Kibana
26/01/2017;Omoto;Yomogi
26/01/2017;Shiso;Kibana
26/01/2017;Okura;Kibana
26/01/2017;Kote;Yomogi
26/01/2017;Shida;Mekki
26/01/2017;Shida;Yone
26/01/2017;Yashi;Kinoko
26/01/2017;Shika;Kote
26/01/2017;Okura;Yuna
26/01/2017;Yuu;Mikan
26/01/2017;Shide;Noru
26/01/2017;Tsuwa;Yone
26/01/2017;Minku;Yomogi
26/01/2017;Shika;Yone
26/01/2017;Omoto;Pan
26/01/2017;Mochi;Binega
26/01/2017;Kote;Botan
26/01/2017;Kizu;Usu
26/01/2017;Yone;Minku
26/01/2017;Noko;Haku
26/01/2017;Noko;Hado
26/01/2017;Hado;Yone
26/01/2017;Shiira;Yone
26/01/2017;Shiira;Tsutsuji
26/01/2017;Shika;Yone
26/01/2017;Muku;Okura
26/01/2017;Shide;Okura
26/01/2017;Tabu;Okura
26/01/2017;Shika;Shiira
26/01/2017;Shika;Tsuwa
26/01/2017;Shika;Shida
26/01/2017;Noru;Kibana
26/01/2017;Shika;Muku
26/01/2017;Shide;Shika
26/01/2017;Uso;Yomogi
26/01/2017;Kizu;Betei
26/01/2017;Uso;Yamu
26/01/2017;Uso;Yuu
26/01/2017;Uso;Yuu
26/01/2017;Uso;Haku
26/01/2017;Uso;Noru
26/01/2017;Uso;Mizu
26/01/2017;Tabu;Yashi
26/01/2017;Shide;Yashi
26/01/2017;Shide;Yashi
26/01/2017;Kei;Yashi
26/01/2017;Yashi;Shida
26/01/2017;Kote;Kibana
26/01/2017;Yashi;Usu
26/01/2017;Haku;Pan
26/01/2017;Takana;Yotsuba
26/01/2017;Kei;Kibana
26/01/2017;Shiso;Tsuwa
26/01/2017;Tsuwa;Tsutsuji
26/01/2017;Usu;Pichi
26/01/2017;Shiso;Mizu
26/01/2017;Yomogi;Bon
26/01/2017;Kibana;Okapi
26/01/2017;Kote;Betei
26/01/2017;Usu;Betei
26/01/2017;Kei;Yotsuba
26/01/2017;Minku;Muku
26/01/2017;Mizu;Muku
26/01/2017;Kote;Komatsu
26/01/2017;Kei;Kizu
26/01/2017;Kote;Yomogi
26/01/2017;Tabu;Shiso
26/01/2017;Shide;Shiso
26/01/2017;Okura;Noko
26/01/2017;Kei;Okura
26/01/2017;Omoto;Kibana
26/01/2017;Kibana;Betei
26/01/2017;Kei;Tsuwa
26/01/2017;Kei;Yashi
26/01/2017;Shide;Kinoko
26/01/2017;Kei;Yotsuba
26/01/2017;Kibana;Mikan
26/01/2017;Mizu;Binega
26/01/2017;Tsutsuji;Binega
26/01/2017;Usu;Muku
26/01/2017;Keta;Serori
26/01/2017;Shiira;Binega
26/01/2017;Kote;Toga
26/01/2017;Yamu;Kanna
26/01/2017;Yashi;Kizu
26/01/2017;Keta;Mikan
26/01/2017;Minku;Binega
26/01/2017;Minku;Yuna
26/01/2017;Kizu;Yone
26/01/2017;Shide;Kinoko
26/01/2017;Shide;Kibana
26/01/2017;Shide;Tabu
26/01/2017;Shide;Kinoko
26/01/2017;Shide;Tabu
26/01/2017;Kei;Shide
26/01/2017;Shide;Kinoko
26/01/2017;Shide;Yone
26/01/2017;Kei;Kinoko
26/01/2017;Kei;Kinoko
27/01/2017;Shika;Kibana
27/01/2017;Kibana;Beni
27/01/2017;Shiso;Yamu
27/01/2017;Shide;Tabu
27/01/2017;Minku;Shide
27/01/2017;Minku;Shide
27/01/2017;Minku;Shide
27/01/2017;Minku;Shide
27/01/2017;Minku;Shide
27/01/2017;Minku;Shide
27/01/2017;Minku;Shiso
27/01/2017;Shide;Tabu
27/01/2017;Minku;Shide
27/01/2017;Minku;Shide
28/01/2017;Kei;Yashi
28/01/2017;Keta;Serori
28/01/2017;Kinoko;Yone
28/01/2017;Minku;Yone
28/01/2017;Kinoko;Yomogi
28/01/2017;Kei;Kinoko
28/01/2017;Shide;Okura
28/01/2017;Okura;Mochi
28/01/2017;Minku;Shide
28/01/2017;Minku;Shide
28/01/2017;Minku;Toga
28/01/2017;Minku;Tsuwa
28/01/2017;Kei;Noru
28/01/2017;Okura;Noru
28/01/2017;Yone;Mikan
28/01/2017;Shide;Shiso
28/01/2017;Keta;Kanna
28/01/2017;Minku;Toga
28/01/2017;Keta;Serori
28/01/2017;Keta;Serori
28/01/2017;Kanna;Yumin
28/01/2017;Kanna;Yumin
28/01/2017;Kanna;Yumin
28/01/2017;Kanna;Yumin
28/01/2017;Kinoko;Yone
28/01/2017;Kei;Kinoko
28/01/2017;Kei;Yotsuba
28/01/2017;Kinoko;Yomogi
28/01/2017;Yotsuba;Yomogi
28/01/2017;Yotsuba;Yomogi
28/01/2017;Yomogi;Yotsuba
28/01/2017;Yomogi;Yotsuba
28/01/2017;Okura;Okapi
28/01/2017;Okapi;Yomogi
29/01/2017;Kei;Tsuwa
29/01/2017;Okura;Mizu
29/01/2017;Kei;Shiso
29/01/2017;Tabu;Shiso
29/01/2017;Tabu;Shiso
29/01/2017;Shiso;Mochi
29/01/2017;Yashi;Kinoko
29/01/2017;Omoto;Kinoko
29/01/2017;Kizu;Hiba
29/01/2017;Keta;Shida
29/01/2017;Kei;Yone
29/01/2017;Tsuwa;Bon
29/01/2017;Shide;Tabu
29/01/2017;Shiso;Yone
29/01/2017;Kei;Shide
29/01/2017;Shide;Shiira
29/01/2017;Shide;Shida
29/01/2017;Shide;Tabu
29/01/2017;Shiira;Yomogi
29/01/2017;Shiira;Yomogi
29/01/2017;Takana;Yomogi
30/01/2017;Kei;Shide
30/01/2017;Kei;Shide
30/01/2017;Shide;Kinoko
30/01/2017;Kei;Tabu
30/01/2017;Kei;Shide
31/01/2017;Mizu;Toga
31/01/2017;Shide;Toga
31/01/2017;Kinoko;Binega
31/01/2017;Yuu;Noko
31/01/2017;Kei;Kinoko
31/01/2017;Yashi;Minku
31/01/2017;Mikan;Beni
31/01/2017;Kei;Omoto
31/01/2017;Tsuwa;Yone
31/01/2017;Kizu;Toga
31/01/2017;Kote;Shida
31/01/2017;Tsuwa;Tabu
31/01/2017;Shiso;Yuna
31/01/2017;Haku;Pichi
31/01/2017;Kei;Shiso
31/01/2017;Omoto;Yone
31/01/2017;Mikan;Kanna
31/01/2017;Kei;Kibana
31/01/2017;Yamu;Kibana
31/01/2017;Kei;Usu
31/01/2017;Yomogi;Yumin
31/01/2017;Yashi;Hado
31/01/2017;Yomogi;Yumin
31/01/2017;Serori;Binega
31/01/2017;Kei;Yashi
31/01/2017;Kibana;Usu
31/01/2017;Shiso;Pan
31/01/2017;Komatsu;Betei
31/01/2017;Yone;Mikan
31/01/2017;Kei;Shide
31/01/2017;Shiira;Usu
31/01/2017;Kinoko;Yone
31/01/2017;Haku;Muku
31/01/2017;Okura;Botan
31/01/2017;Mizu;Botan
31/01/2017;Yashi;Toga
31/01/2017;Keta;Muku
31/01/2017;Kei;Kanna
31/01/2017;Tabu;Yamu
31/01/2017;Shide;Kinoko
31/01/2017;Shide;Kibana
31/01/2017;Kei;Tabu
31/01/2017;Tsutsuji;Tsuwa
31/01/2017;Tabu;Tsutsuji
03/02/2017;Yashi;Shiso
03/02/2017;Kinoko;Tabu
03/02/2017;Kinoko;Tabu
03/02/2017;Kei;Mizu
03/02/2017;Shide;Yone
03/02/2017;Kei;Kibana
03/02/2017;Tsuwa;Bon
03/02/2017;Kizu;Usu
03/02/2017;Kote;Muku
03/02/2017;Keta;Muku
03/02/2017;Kote;Beni
03/02/2017;Kizu;Kote
03/02/2017;Kinoko;Usu
03/02/2017;Yashi;Usu
03/02/2017;Kizu;Kote
03/02/2017;Kinoko;Usu
03/02/2017;Shiira;Usu
03/02/2017;Kei;Kizu
03/02/2017;Shide;Mekki
03/02/2017;Keta;Serori
03/02/2017;Shiira;Hado
03/02/2017;Shika;hirame
03/02/2017;Kibana;Kote
03/02/2017;Omoto;Yotsuba
03/02/2017;Yuu;Binega
03/02/2017;Uroko;Binega
03/02/2017;Tabu;Pichi
03/02/2017;Kinoko;Mekki
03/02/2017;Shide;Tsutsuji
03/02/2017;Shide;Tsutsuji
03/02/2017;Tsuwa;Yotsuba
03/02/2017;Kanna;Takana
03/02/2017;Yumin;Takana
03/02/2017;Kizu;Pichi
03/02/2017;Shida;Tsutsuji
03/02/2017;Muku;hirame
03/02/2017;Yone;Botan
03/02/2017;Kei;Tsuwa
03/02/2017;Yashi;Tsutsuji
03/02/2017;Kizu;Binega
03/02/2017;Okura;Yone
03/02/2017;Okura;Yone
03/02/2017;Yuna;Bon
03/02/2017;Kei;Kanna
03/02/2017;Shide;Tsuwa
03/02/2017;Keta;Serori
03/02/2017;Kei;Mushi
03/02/2017;Shika;Okapi
03/02/2017;Shide;Tabu
03/02/2017;Kinoko;Yotsuba
03/02/2017;Minku;Shiso
03/02/2017;Shika;Tabu
04/02/2017;Omoto;Yomogi
04/02/2017;Minku;Tsuwa
04/02/2017;Minku;Yomogi
04/02/2017;Minku;Toga
04/02/2017;Minku;Shide
04/02/2017;Minku;Shida
04/02/2017;Minku;Tabu
04/02/2017;Shide;Yashi
04/02/2017;Okapi;Betei
04/02/2017;Noru;Muku
04/02/2017;Kei;Omoto
04/02/2017;Kote;Yone
04/02/2017;Kei;Serori
04/02/2017;Omoto;Yone
04/02/2017;Omoto;Usu
04/02/2017;Omoto;Noru
04/02/2017;Omoto;Hiba
04/02/2017;Omoto;Hiba
05/02/2017;Minku;Shiso
05/02/2017;Minku;Shide
05/02/2017;Minku;Okapi
05/02/2017;Minku;Shiso
05/02/2017;Okapi;Yomogi
05/02/2017;Shide;Yone
05/02/2017;Okura;Yone
05/02/2017;Minku;Tsuwa
05/02/2017;Shika;Pan
06/02/2017;Shide;Tabu
06/02/2017;Shide;Yotsuba
06/02/2017;Tabu;Shida
06/02/2017;Shide;Tabu
06/02/2017;Tabu;Yotsuba
06/02/2017;Tabu;Tsutsuji
06/02/2017;Tabu;Yotsuba
06/02/2017;Kibana;Kinoko
06/02/2017;Okura;Kibana
06/02/2017;Okura;Tabu
06/02/2017;Okura;Kibana
06/02/2017;Tsutsuji;Yotsuba
06/02/2017;Shide;Tsutsuji
06/02/2017;Minku;Tsuwa
06/02/2017;Kei;Kinoko
06/02/2017;Kei;Tsutsuji
06/02/2017;Mushi;Noko
06/02/2017;Suma;Shiso
06/02/2017;Shiso;Muku
07/02/2017;Shide;Shiira
07/02/2017;Shide;Tabu
07/02/2017;Shiira;Yotsuba
07/02/2017;Kibana;Tabu
07/02/2017;Shide;Tabu
07/02/2017;Shide;Shiira
07/02/2017;Yuna;Beni
07/02/2017;Yashi;Muku
07/02/2017;Shika;Yamu
07/02/2017;Okura;Shiira
07/02/2017;Kei;Suma
07/02/2017;Tabu;Beni
07/02/2017;Shide;Haku
07/02/2017;Shide;Yashi
07/02/2017;Bon;Botan
07/02/2017;Usu;Tsuwa
07/02/2017;Okura;Kanna
07/02/2017;Shide;Shika
07/02/2017;Shide;Komatsu
07/02/2017;Shide;Omoto
07/02/2017;Shide;Yone
07/02/2017;Shide;Shiso
07/02/2017;Usu;Mekki
07/02/2017;Usu;Pichi
07/02/2017;Yone;Usu
07/02/2017;Kibana;Serori
07/02/2017;Shide;Okapi
07/02/2017;Kei;Kote
07/02/2017;Omoto;Kizu
07/02/2017;Omoto;Pichi
07/02/2017;Omoto;Noko
07/02/2017;Shide;Yamu
08/02/2017;Shide;Tabu
08/02/2017;Shide;Tabu
08/02/2017;Shide;Tabu
08/02/2017;Noru;Tsutsuji
08/02/2017;Usu;Mekki
08/02/2017;Shika;Serori
08/02/2017;Shide;Minku
08/02/2017;Keta;Shide
08/02/2017;Shide;Binega
08/02/2017;Omoto;Muku
08/02/2017;Uso;Okapi
08/02/2017;Kei;Beni
08/02/2017;Omoto;Haku
08/02/2017;Omoto;Kei
08/02/2017;Omoto;Noko
08/02/2017;Omoto;Noko
08/02/2017;Shide;Mochi
08/02/2017;Noru;Shida
08/02/2017;Yamu;Yomogi
08/02/2017;Kinoko;Yumin
08/02/2017;Shide;Serori
11/02/2017;Hado;Yuna
11/02/2017;Okura;Mizu
11/02/2017;Yashi;Kizu
11/02/2017;Mikan;Usu
11/02/2017;Kei;Mikan
11/02/2017;Keta;Mikan
11/02/2017;Kei;Shide
11/02/2017;Kei;Yashi
11/02/2017;Shide;Yashi
11/02/2017;Kei;Yone
11/02/2017;Usu;Minku
11/02/2017;Shiso;Kanna
11/02/2017;Shiso;Yamu
11/02/2017;Okapi;Yamu
11/02/2017;Yamu;Yomogi
11/02/2017;Okapi;Shiso
11/02/2017;Kei;Serori
11/02/2017;Muku;Usu
11/02/2017;Usu;Muku
12/02/2017;Kei;Shide
12/02/2017;Shide;Tabu
12/02/2017;Shide;Tabu
12/02/2017;Shide;Minku
12/02/2017;Minku;Tabu
12/02/2017;Minku;Tabu
12/02/2017;Minku;Tsutsuji
12/02/2017;Tabu;Tsutsuji
12/02/2017;Kei;Minku
12/02/2017;Kibana;Yotsuba
12/02/2017;Tabu;Yotsuba
12/02/2017;Kibana;Minku
12/02/2017;Tabu;Yomogi
12/02/2017;Tabu;Haku
12/02/2017;Kibana;Tabu
12/02/2017;Shiso;Kibana
12/02/2017;Shiso;Yomogi
12/02/2017;Shiso;Kibana
12/02/2017;Shiso;Yomogi
12/02/2017;Shiso;Yomogi
13/02/2017;Kizu;Toga
13/02/2017;Yashi;Tabu
13/02/2017;Kizu;Mikan
13/02/2017;Kote;Tsutsuji
13/02/2017;Tsutsuji;Yone
13/02/2017;Tabu;Kote
13/02/2017;Kei;Komatsu
13/02/2017;Tsutsuji;Yotsuba
13/02/2017;Shiso;Kizu
13/02/2017;Okapi;Tsutsuji
13/02/2017;Kei;Toga
13/02/2017;Muku;Tabu
13/02/2017;Shiso;Tabu
13/02/2017;Tabu;Shiira
13/02/2017;Yashi;Usu
13/02/2017;Muku;Hado
13/02/2017;Yashi;Kizu
13/02/2017;Kote;Mekki
13/02/2017;Yashi;Hado
13/02/2017;Kote;Kibana
13/02/2017;Keta;Okura
13/02/2017;Kizu;Betei
13/02/2017;Shiso;Pan
13/02/2017;Keta;Pan
13/02/2017;Mikan;Yotsuba
13/02/2017;Yuu;Yuna
13/02/2017;Omoto;Yuu
13/02/2017;Keta;Mikan
13/02/2017;Kote;Yomogi
13/02/2017;Shiso;Kizu
13/02/2017;Shiso;Shiira
13/02/2017;Yomogi;Hiba
13/02/2017;Omoto;Yuu
13/02/2017;Okura;Yone
13/02/2017;Keta;Shika
13/02/2017;Shiso;Tsuwa
13/02/2017;Kei;Yotsuba
13/02/2017;Shida;Yotsuba
13/02/2017;Tsutsuji;Kanna
13/02/2017;Shiso;Betei
13/02/2017;Kibana;Betei
13/02/2017;Shika;Okapi
13/02/2017;Yamu;Yone
13/02/2017;Minku;Yomogi
13/02/2017;Serori;Kanna
13/02/2017;Yuu;Betei
13/02/2017;Yuu;Yuna
13/02/2017;Kei;Kibana
13/02/2017;Yuna;Yone
13/02/2017;Okapi;Toga
13/02/2017;Keta;Mikan
13/02/2017;Mizu;Toga
13/02/2017;Mochi;Yumin
13/02/2017;Hiba;Toga
13/02/2017;Okapi;Keta
13/02/2017;Serori;Toga
13/02/2017;Keta;Okapi
13/02/2017;Serori;Mochi
13/02/2017;Keta;Mikan
13/02/2017;Kizu;Yone
13/02/2017;Mizu;Yumin
13/02/2017;Mekki;Pan
13/02/2017;Usu;Betei
13/02/2017;Shiso;Binega
13/02/2017;Komatsu;Yotsuba
13/02/2017;Shiso;Okapi
13/02/2017;Shiira;Kote
13/02/2017;Kei;Takana
13/02/2017;Shida;Shide
13/02/2017;Yomogi;Pan
13/02/2017;Kizu;Yone
13/02/2017;Okura;Beni
13/02/2017;Kei;Yashi
13/02/2017;Tabu;Haku
13/02/2017;Shika;Kote
13/02/2017;Yashi;Shiira
13/02/2017;Komatsu;Mochi
13/02/2017;Serori;Botan
13/02/2017;Keta;Mikan
13/02/2017;Keta;Muku
13/02/2017;Yuu;Beni
13/02/2017;Yuu;Beni
13/02/2017;Tsuwa;Kinoko
13/02/2017;Kizu;Kinoko
13/02/2017;Shika;Tsuwa
13/02/2017;Kinoko;Tsuwa
13/02/2017;Keta;Mikan
13/02/2017;Keta;Mikan
13/02/2017;Keta;Mikan
13/02/2017;Keta;Mikan
13/02/2017;Keta;Okura
13/02/2017;Minku;Okura
13/02/2017;Keta;Okura
13/02/2017;Shika;Shida
14/02/2017;Kei;Kibana
14/02/2017;Okura;Kibana
14/02/2017;Kei;Omoto
14/02/2017;Kei;Shika
14/02/2017;Yashi;Beni
14/02/2017;Shiso;Mochi
14/02/2017;Shika;Omoto
14/02/2017;Shika;Noko
14/02/2017;Shika;Muku
14/02/2017;Tsuwa;Muku
14/02/2017;Yashi;Yone
14/02/2017;Yashi;Kinoko
14/02/2017;Mushi;Tsuwa
14/02/2017;Shika;Tsuwa
15/02/2017;Yone;Serori
15/02/2017;Tabu;Mochi
15/02/2017;Noko;Binega
15/02/2017;Omoto;Pichi
15/02/2017;Kei;Serori
15/02/2017;Minku;Shiso
15/02/2017;Kei;Yashi
15/02/2017;Kibana;Haku
15/02/2017;Keta;Okapi
15/02/2017;Tsutsuji;Haku
15/02/2017;Shika;Mizu
15/02/2017;Kibana;Tsutsuji
15/02/2017;Okura;Beni
15/02/2017;Minku;Shide
15/02/2017;Okura;Shida
15/02/2017;Minku;Shide
15/02/2017;Shiso;Shiira
15/02/2017;Minku;Shide
15/02/2017;Tsuwa;Pan
15/02/2017;Minku;Tabu
15/02/2017;Muku;Yotsuba
15/02/2017;Shiso;Tabu
15/02/2017;Usu;Betei
15/02/2017;Shika;Shide
15/02/2017;Kei;Yashi
15/02/2017;Shika;Tabu
15/02/2017;Kizu;Beni
15/02/2017;Yone;Kanna
15/02/2017;Yuna;Serori
15/02/2017;Minku;Beni
15/02/2017;Shide;Yamu
15/02/2017;Kanna;Yomogi
15/02/2017;Kibana;Serori
15/02/2017;Kei;Minku
15/02/2017;Shide;Omoto
15/02/2017;Tsuwa;Yumin
15/02/2017;Okapi;Minku
15/02/2017;Betei;Botan
15/02/2017;Yuna;Hiba
15/02/2017;Shika;Serori
15/02/2017;Komatsu;Binega
15/02/2017;Kote;Toga
15/02/2017;Kote;Toga
15/02/2017;Shiso;Toga
15/02/2017;Shide;Takana
15/02/2017;Kei;Omoto
15/02/2017;Shide;Okura
15/02/2017;Tabu;Keta
15/02/2017;Omoto;Yomogi
15/02/2017;Shiso;Betei
15/02/2017;Kizu;Yomogi
15/02/2017;Kizu;Mizu
15/02/2017;Kizu;Hiba
15/02/2017;Yone;Yuu
15/02/2017;Yomogi;Yone
15/02/2017;Yomogi;Hiba
15/02/2017;Kinoko;Minku
15/02/2017;Hiba;Pichi
15/02/2017;Yomogi;Noko
15/02/2017;Kizu;Botan
15/02/2017;Shide;Yamu
15/02/2017;Kei;hirame
15/02/2017;Shide;Okura
15/02/2017;Yuu;Usu
15/02/2017;Shika;Okura
15/02/2017;Kei;Kote
15/02/2017;Takana;Serori
15/02/2017;Komatsu;Yumin
15/02/2017;Kibana;Hado
15/02/2017;Yamu;Mochi
15/02/2017;Kizu;Serori
15/02/2017;Minku;Beni
15/02/2017;Keta;Noko
15/02/2017;Keta;Noko
15/02/2017;Shika;Kizu
15/02/2017;Yashi;Yone
15/02/2017;Yone;Pichi
15/02/2017;Kei;Yone
15/02/2017;Kei;Yone
15/02/2017;Yamu;Yone
15/02/2017;Yone;Yumin
15/02/2017;Shika;Yone
15/02/2017;Yamu;Pichi
15/02/2017;Yamu;Pichi
16/02/2017;Shide;Tabu
16/02/2017;Mushi;Tabu
16/02/2017;Mushi;Tabu
16/02/2017;Minku;Yomogi
16/02/2017;Minku;Yomogi
16/02/2017;Minku;Yuu
16/02/2017;Minku;Mikan
16/02/2017;Kanna;Yuu
16/02/2017;Kanna;Yuna
16/02/2017;Yuu;Yuna
16/02/2017;Kanna;Kote
16/02/2017;Shika;Kinoko
16/02/2017;Shika;Kinoko
16/02/2017;Shika;Kizu
16/02/2017;Kei;Shide
16/02/2017;Kei;Shide
16/02/2017;Kei;Tabu
16/02/2017;Kinoko;Serori
16/02/2017;Kei;Shiso
16/02/2017;Kinoko;Hiba
16/02/2017;Kinoko;Serori
16/02/2017;Shika;Kinoko
16/02/2017;Shika;Tsuwa
16/02/2017;Shika;Toga
16/02/2017;Shika;Toga
16/02/2017;Toga;Muku
16/02/2017;Minku;Beni
16/02/2017;Yone;Hiba
16/02/2017;Mushi;hirame
16/02/2017;Shiso;Yone
17/02/2017;Minku;Yone
17/02/2017;Minku;Tabu
17/02/2017;Shide;Tabu
17/02/2017;Shide;Shika
17/02/2017;Shide;Tabu
17/02/2017;Shide;Shika
17/02/2017;Shide;Tabu
17/02/2017;Tabu;Komatsu
17/02/2017;Kinoko;Mikan
03/03/2017;Kote;Mochi
03/03/2017;Kei;Tsuwa
03/03/2017;Kei;Tsuwa
03/03/2017;Shiso;Yamu
03/03/2017;Yashi;Kinoko
03/03/2017;Yamu;Mikan
03/03/2017;Kinoko;Mikan
03/03/2017;Shika;Shiso
04/03/2017;Shika;Shide
04/03/2017;Kei;Shide
04/03/2017;Keta;Shiira
04/03/2017;Kei;Tabu
04/03/2017;Keta;Takana
04/03/2017;Kei;Shide
04/03/2017;Kibana;Muku
04/03/2017;Shide;Tsuwa
04/03/2017;Muku;Binega
04/03/2017;Shide;Tsuwa
04/03/2017;Shika;Yashi
04/03/2017;Kei;Shide
04/03/2017;Shika;Kinoko
04/03/2017;Kei;Shide
04/03/2017;Kei;Yotsuba
04/03/2017;Kei;Shide
04/03/2017;Shika;Minku
04/03/2017;Kei;Shide
04/03/2017;Kei;Tabu
04/03/2017;Yone;Haku
04/03/2017;Shide;Yone
04/03/2017;Shika;Omoto
04/03/2017;Shika;Shide
04/03/2017;Shika;Shide
05/03/2017;Shika;Shide
05/03/2017;Shide;Beni
05/03/2017;Shika;Shide
05/03/2017;Shide;Kote
05/03/2017;Minku;Shide
05/03/2017;Shika;Omoto
05/03/2017;Yone;Hiba
05/03/2017;Yone;Yuna
05/03/2017;Yashi;Yone
05/03/2017;Yashi;Mikan
05/03/2017;Keta;Shiso
05/03/2017;Keta;Shika
05/03/2017;Keta;Shide
05/03/2017;Keta;Shiira
06/03/2017;Yomogi;Mekki
06/03/2017;Kinoko;Yotsuba
06/03/2017;Yone;Kanna
06/03/2017;Keta;Pichi
06/03/2017;Omoto;Pichi
06/03/2017;Shika;Yone
06/03/2017;Shika;Yone
06/03/2017;Shika;Yone
06/03/2017;Shiira;Hado
06/03/2017;Shika;Tabu
06/03/2017;Mikan;Kanna
06/03/2017;Tabu;Hado
06/03/2017;Tsutsuji;Mikan
06/03/2017;Shika;Yotsuba
06/03/2017;Shika;Shiso
06/03/2017;Shide;Shiira
06/03/2017;Shika;Yuna
06/03/2017;Shide;Shiira
06/03/2017;Shika;Yuna
06/03/2017;Shika;Tabu
06/03/2017;Tabu;Shiira
06/03/2017;Keta;Tabu
06/03/2017;Keta;Tabu
07/03/2017;Shika;Muku
07/03/2017;Shide;Muku
07/03/2017;Shika;Muku
07/03/2017;Shiso;Muku
07/03/2017;Yamu;Okura
07/03/2017;Okura;Mizu
07/03/2017;Shide;Muku
07/03/2017;Okapi;Muku
07/03/2017;Shiira;Mizu
07/03/2017;Kei;Kizu
07/03/2017;Mikan;Tabu
07/03/2017;Kei;Kizu
07/03/2017;Shika;Tsutsuji
07/03/2017;Tsutsuji;Yotsuba
07/03/2017;Serori;Minku
07/03/2017;Kei;Binega
07/03/2017;Yomogi;Yone
07/03/2017;Kei;Serori
07/03/2017;Mikan;Betei
07/03/2017;Kei;Yumin
07/03/2017;Yuna;Bon
07/03/2017;Omoto;Kibana
07/03/2017;Shika;Kibana
07/03/2017;Usu;Muku
07/03/2017;Shika;Kibana
07/03/2017;Yone;Pan
07/03/2017;Shika;Yone
07/03/2017;Hiba;Mekki
07/03/2017;Okura;Muku
07/03/2017;Usu;Binega
07/03/2017;Omoto;Mikan
07/03/2017;Keta;Toga
07/03/2017;Keta;Yone
07/03/2017;Kei;Okura
07/03/2017;Serori;Binega
07/03/2017;Keta;Muku
07/03/2017;Usu;Binega
07/03/2017;Kote;Binega
07/03/2017;Minku;Beni
07/03/2017;Serori;Muku
07/03/2017;Yomogi;Yumin
07/03/2017;Yomogi;Yuna
07/03/2017;Yuna;Binega
07/03/2017;Shiso;Hado
07/03/2017;Omoto;Mekki
07/03/2017;Yuna;Mekki
07/03/2017;Yuna;Binega
07/03/2017;Kei;Tsutsuji
07/03/2017;Kei;Pichi
07/03/2017;Mizu;Yomogi
07/03/2017;Yamu;Mizu
07/03/2017;Kote;Pichi
07/03/2017;Shika;Botan
07/03/2017;Shiso;Shida
07/03/2017;Yone;Kote
07/03/2017;Kote;Yumin
07/03/2017;Mizu;Hiba
07/03/2017;Okapi;Hiba
07/03/2017;Kei;Shide
07/03/2017;Kote;Komatsu
07/03/2017;Shida;Yomogi
10/03/2017;Kei;Usu
10/03/2017;Kinoko;Mikan
10/03/2017;Kizu;Kanna
10/03/2017;Kizu;Yone
10/03/2017;Okura;Usu
10/03/2017;Omoto;Yomogi
10/03/2017;Shika;Kibana
10/03/2017;Shika;Kibana
10/03/2017;Shika;Kibana
11/03/2017;Kei;Usu
11/03/2017;Kei;Kibana
11/03/2017;Kei;Hiba
11/03/2017;Shiso;Tabu
11/03/2017;Kibana;Haku
11/03/2017;Kei;Tabu
11/03/2017;Omoto;Noko
11/03/2017;Kei;Tabu
11/03/2017;Shiso;Shika
11/03/2017;Shiso;Shida
11/03/2017;Kanna;Yumin
11/03/2017;Shiso;Tabu
11/03/2017;Kei;Muku
12/03/2017;Kei;Shide
12/03/2017;Shiso;Yamu
12/03/2017;Tsutsuji;Yotsuba
12/03/2017;Kei;Yone
12/03/2017;Tabu;Shida
12/03/2017;Kei;Yone
12/03/2017;Kei;Tabu
12/03/2017;Kei;Kinoko
12/03/2017;Kei;Shide
12/03/2017;Kei;Shide
12/03/2017;Kinoko;Yotsuba
12/03/2017;Kinoko;Yotsuba
12/03/2017;Kei;Shide
12/03/2017;Komatsu;Usu
12/03/2017;Kei;Shide
13/03/2017;Kei;Tabu
13/03/2017;Kei;Yuna
13/03/2017;Kei;Yuna
13/03/2017;Kei;Yuna
13/03/2017;Kei;Shide
13/03/2017;Kei;Yuna
13/03/2017;Kei;Tabu
13/03/2017;Kei;Yuna
13/03/2017;Kei;Yuna
13/03/2017;Kei;Yuna
13/03/2017;Kei;Yuna
13/03/2017;Kei;Tabu
13/03/2017;Kei;Yuna
13/03/2017;Kei;Tabu
13/03/2017;Kei;Tabu
13/03/2017;Kei;Yuna
13/03/2017;Kei;Shide
13/03/2017;Shide;Tabu
13/03/2017;Kei;Tabu
14/03/2017;Shiso;Kinoko
14/03/2017;Kei;Yuna
14/03/2017;Kei;Yuna
14/03/2017;Kei;Yuna
14/03/2017;Kei;Yuna
14/03/2017;Kei;Yuna
14/03/2017;Mushi;Kinoko
14/03/2017;Mushi;Kinoko
14/03/2017;Mushi;Kinoko
14/03/2017;Mushi;Kinoko
14/03/2017;Mushi;Kinoko
14/03/2017;Mushi;Kinoko
14/03/2017;Mushi;Kinoko
18/03/2017;Minku;Mushi
18/03/2017;Kei;Mikan
18/03/2017;Kei;Serori
18/03/2017;Kei;Shide
18/03/2017;Yashi;Serori
18/03/2017;Kei;Shide
18/03/2017;Omoto;Mikan
18/03/2017;Kei;Shide
18/03/2017;Kei;Mikan
18/03/2017;Kei;Tabu
18/03/2017;Kei;Mikan
18/03/2017;Kei;Shide
18/03/2017;Kei;Shika
18/03/2017;Kei;Tabu
18/03/2017;Shiso;Yomogi
18/03/2017;Kei;Tabu
18/03/2017;Kei;Tabu
18/03/2017;Kei;Tabu
18/03/2017;Kei;Tabu
18/03/2017;Kei;Mikan
18/03/2017;Mushi;Kinoko
18/03/2017;Kei;Kibana
18/03/2017;Kei;Tabu
18/03/2017;Kei;Shide
18/03/2017;Kei;Shide
18/03/2017;Kei;Tabu
19/03/2017;Kibana;Serori
19/03/2017;Omoto;Kizu
19/03/2017;Yashi;Omoto
19/03/2017;Shika;Okapi
19/03/2017;Kizu;Usu
19/03/2017;Shiso;Mikan
19/03/2017;Shiso;Mikan
19/03/2017;Shide;Yamu
19/03/2017;Tsuwa;Komatsu
19/03/2017;Kei;Tsuwa
19/03/2017;Mikan;Bon
19/03/2017;Haku;Komatsu
19/03/2017;Shika;Shiira
19/03/2017;Keta;Mikan
19/03/2017;Keta;Mikan
19/03/2017;Keta;Mikan
19/03/2017;Keta;Mikan
19/03/2017;Keta;Mikan
19/03/2017;Okapi;Kote
19/03/2017;Kei;Tsuwa
19/03/2017;Kei;Shida
20/03/2017;Kei;Shide
20/03/2017;Kei;Shide
20/03/2017;Shide;Tabu
20/03/2017;Kei;Shide
20/03/2017;Tabu;Tsutsuji
20/03/2017;Yamu;Tsuwa
20/03/2017;Shide;Yamu
20/03/2017;Yamu;Tsutsuji
20/03/2017;Shide;Tabu
20/03/2017;Kei;Shide
21/03/2017;Shide;Tabu
21/03/2017;Yamu;Tabu
21/03/2017;Shika;Tabu
21/03/2017;Kei;Tabu
21/03/2017;Omoto;Mizu
21/03/2017;Kibana;Haku
21/03/2017;Shika;Mushi
21/03/2017;Keta;Mikan
21/03/2017;Takana;Serori
21/03/2017;Yashi;Okapi
21/03/2017;Keta;Yashi
21/03/2017;Kibana;Tabu
21/03/2017;Shika;Kibana
21/03/2017;Shika;Kibana
22/03/2017;Kizu;Yomogi
22/03/2017;Shide;Tsuwa
22/03/2017;Kizu;Yone
22/03/2017;Yone;Beni
22/03/2017;Yone;Beni
22/03/2017;Okura;Beni
22/03/2017;Kizu;Beni
22/03/2017;Beni;Binega
22/03/2017;Yashi;Beni
22/03/2017;Yuna;Mushi
22/03/2017;Yuna;Mushi
22/03/2017;Minku;Yuna
22/03/2017;Shika;Yuna
22/03/2017;Shiira;Yuna
22/03/2017;Kei;Shide
22/03/2017;Yashi;Yuna
22/03/2017;Kei;Tabu
22/03/2017;Kizu;Yuna
22/03/2017;Kei;Shide
22/03/2017;Mushi;Hiba
22/03/2017;Kei;Shide
22/03/2017;Kizu;Yuna
22/03/2017;Kei;Shide
22/03/2017;Kizu;Yuna
22/03/2017;Okura;Haku
22/03/2017;Okura;Mochi
22/03/2017;Shiso;Okura
22/03/2017;Okura;Omoto
22/03/2017;Kizu;Serori
22/03/2017;Serori;Binega
22/03/2017;Binega;Serori
22/03/2017;Yone;Serori
22/03/2017;Mizu;Pichi
22/03/2017;Shika;Mushi
27/03/2017;Mizu;Binega
27/03/2017;Mizu;Binega
27/03/2017;Yomogi;Mizu
28/03/2017;Keta;Yamu
28/03/2017;Shide;Kanna
28/03/2017;Kibana;Kinoko
28/03/2017;Kei;Kote
28/03/2017;Kei;Omoto
28/03/2017;Kei;Mikan
28/03/2017;Okura;Usu
28/03/2017;Yashi;Tsuwa
28/03/2017;Kinoko;Usu
28/03/2017;Kote;Komatsu
28/03/2017;Yamu;Shiira
28/03/2017;Kote;Komatsu
28/03/2017;Yone;Binega
29/03/2017;Yuna;Minku
29/03/2017;Keta;Yone
29/03/2017;Kei;Shiira
29/03/2017;Kei;Shide
29/03/2017;Omoto;Beni
29/03/2017;Tabu;Yomogi
29/03/2017;Mizu;Suma
29/03/2017;Tabu;Shiso
29/03/2017;Okura;Kizu
29/03/2017;Mikan;Suma
29/03/2017;Keta;Minku
29/03/2017;Hiba;Mekki
29/03/2017;Yomogi;Hiba
29/03/2017;Komatsu;Yumin
29/03/2017;Tsuwa;Yuu
29/03/2017;Kote;Pichi
29/03/2017;Yone;Betei
29/03/2017;Yuu;Yuna
29/03/2017;Shida;Tsuwa
29/03/2017;Tsuwa;Omoto
29/03/2017;Komatsu;hirame
30/03/2017;Okura;Botan
30/03/2017;Shiira;Usu
31/03/2017;Minku;Yuna
15/04/2017;Yashi;Binega
15/04/2017;Mushi;Binega
15/04/2017;Tabu;Yashi
15/04/2017;Shide;Tabu
15/04/2017;Tabu;Yashi
15/04/2017;Shiira;Yomogi
15/04/2017;Yone;Noko
15/04/2017;Yone;Noko
15/04/2017;Yomogi;Shide
15/04/2017;Kote;Yomogi
15/04/2017;Kote;Yomogi
15/04/2017;Kote;Yomogi
16/04/2017;Botan;Bon
16/04/2017;Bon;Botan
16/04/2017;Yashi;Kote
16/04/2017;Omoto;Bon
16/04/2017;Yashi;Kote
16/04/2017;Kote;Shida
16/04/2017;Kinoko;Yuna
16/04/2017;Kinoko;Yomogi
16/04/2017;Yomogi;Yuna
16/04/2017;Kei;Shiira
16/04/2017;Noko;Hiba
16/04/2017;Okura;Noko
17/04/2017;Mushi;Yone
18/04/2017;Kinoko;Toga
18/04/2017;Shika;Mushi
18/04/2017;Yashi;Beni
19/04/2017;Yone;Tsutsuji
19/04/2017;Kinoko;Yuna
19/04/2017;Kei;Kinoko
19/04/2017;Kizu;Usu
19/04/2017;Kinoko;Kanna
19/04/2017;Yone;Minku
19/04/2017;Yomogi;Kanna
19/04/2017;Yotsuba;Yomogi
19/04/2017;Shida;Pan
19/04/2017;Yamu;Usu
19/04/2017;Yamu;Mochi
19/04/2017;Omoto;Mekki
19/04/2017;Okura;Komatsu
19/04/2017;Serori;Kanna
19/04/2017;Hado;Yone
19/04/2017;Shida;Komatsu
19/04/2017;Kizu;Yuna
19/04/2017;Omoto;Kizu
19/04/2017;Kizu;Botan
19/04/2017;Kei;Takana
19/04/2017;Kei;Kizu
19/04/2017;Kei;Kizu
19/04/2017;Kibana;Hado
19/04/2017;Yashi;Shiira
19/04/2017;Yone;Binega
19/04/2017;Serori;Haku
20/04/2017;Usu;Serori
20/04/2017;Kote;Serori
20/04/2017;Kei;Betei
20/04/2017;Hado;Yone
20/04/2017;Shiira;Yomogi
20/04/2017;Yomogi;Bon
20/04/2017;Kinoko;Betei
20/04/2017;Yomogi;Botan
20/04/2017;Serori;Toga
20/04/2017;Omoto;Tsuwa
20/04/2017;Kote;Serori
20/04/2017;Yumin;Botan
20/04/2017;Yomogi;Yone
20/04/2017;Yuu;Yuna
20/04/2017;Shiso;Shiira
20/04/2017;Yamu;Komatsu
20/04/2017;Shiso;Tsuwa
20/04/2017;Kibana;Tsutsuji
20/04/2017;Shiso;Haku
20/04/2017;Yomogi;Betei
20/04/2017;Botan;Betei
20/04/2017;Yamu;Kibana
20/04/2017;Kei;Shida
20/04/2017;Hado;Hiba
20/04/2017;Yuu;Muku
20/04/2017;Kinoko;Yomogi
20/04/2017;Okura;Binega
20/04/2017;Yone;Mizu
20/04/2017;Komatsu;Yotsuba
20/04/2017;Omoto;Uso
20/04/2017;Shika;Kibana
23/04/2017;Okura;Usu
23/04/2017;Omoto;hirame
23/04/2017;Yumin;Botan
23/04/2017;Yumin;Pichi
23/04/2017;Beni;Kanna
23/04/2017;Kinoko;Pichi
23/04/2017;Omoto;Yone
23/04/2017;Kibana;Muku
23/04/2017;Shiso;Yomogi
23/04/2017;Shiso;Usu
24/04/2017;Tabu;Kinoko
25/04/2017;Shika;Usu
26/04/2017;Kibana;Haku
26/04/2017;Kei;Tabu
26/04/2017;Shika;Kanna
26/04/2017;Yamu;Kibana
27/04/2017;Shide;Shika
27/04/2017;Shiso;Komatsu
27/04/2017;Yone;Kanna
27/04/2017;Komatsu;Yotsuba
27/04/2017;Shika;Yomogi
27/04/2017;Haku;Komatsu
27/04/2017;Omoto;Beni
27/04/2017;Omoto;Betei
27/04/2017;Kibana;Hado
27/04/2017;Kibana;Hado
28/04/2017;Yamu;Omoto
28/04/2017;Omoto;Betei
28/04/2017;Tsuwa;Beni
28/04/2017;Mikan;Toga
28/04/2017;Mikan;Usu
28/04/2017;Okura;Usu
28/04/2017;Tabu;Tsutsuji
28/04/2017;Kei;Yamu
28/04/2017;Kei;Shika
28/04/2017;Yamu;Tabu
07/05/2017;Komatsu;Binega
07/05/2017;Yomogi;Botan
07/05/2017;Yamu;Yomogi
07/05/2017;Takana;Serori
07/05/2017;Takana;Serori
07/05/2017;Kinoko;Yotsuba
07/05/2017;Yotsuba;Yuna
07/05/2017;Shika;Yotsuba
07/05/2017;Shika;Yomogi
07/05/2017;Shika;Tabu
07/05/2017;Shiso;Shiira
07/05/2017;Yashi;Komatsu
08/05/2017;Kei;Pichi
08/05/2017;Hiba;Betei
08/05/2017;Kei;Shika
10/05/2017;Botan;hirame
10/05/2017;Shide;Shida
10/05/2017;Kibana;Haku
10/05/2017;Yomogi;Betei
10/05/2017;Binega;Betei
10/05/2017;Yomogi;Toga
10/05/2017;Yomogi;Yumin
11/05/2017;Hado;Pan
11/05/2017;Hado;Mekki
11/05/2017;Yone;Komatsu
11/05/2017;Kote;Shida
11/05/2017;Mochi;Pichi
11/05/2017;Okura;Yumin
11/05/2017;Omoto;Mekki
11/05/2017;Yone;Usu
11/05/2017;Botan;Betei
11/05/2017;Shiso;Serori
12/05/2017;Yashi;Shida
12/05/2017;Yashi;Shida
12/05/2017;Kibana;Hado
12/05/2017;Mikan;Binega
12/05/2017;Kei;Tabu
12/05/2017;Tabu;Shida
13/05/2017;Yamu;Betei
13/05/2017;Shide;Betei
13/05/2017;Shide;Beni
13/05/2017;Okura;Betei
13/05/2017;Haku;Hado
13/05/2017;Kei;Hado
15/05/2017;Yamu;Shiira
15/05/2017;Tabu;Yone
15/05/2017;Omoto;Kote
15/05/2017;Tsutsuji;Omoto
15/05/2017;Omoto;Toga
15/05/2017;Yone;Mikan
15/05/2017;Serori;Muku
15/05/2017;Yuu;Binega
15/05/2017;Neji;Yuu
15/05/2017;Shida;Noko
15/05/2017;Noko;Haku
17/05/2017;Kinoko;Usu
17/05/2017;Haku;Hiba
17/05/2017;Kei;Beni
17/05/2017;Shiira;Noko
17/05/2017;Shide;Yuna
17/05/2017;Omoto;Shika
17/05/2017;Serori;Toga
17/05/2017;Serori;Toga
17/05/2017;Tsutsuji;Komatsu
17/05/2017;Haku;Kizu
17/05/2017;Haku;Hiba
17/05/2017;Kibana;Hiba
18/05/2017;Omoto;Komatsu
18/05/2017;Kibana;Yone
18/05/2017;Okura;Kibana
18/05/2017;Kibana;Serori
18/05/2017;Yamu;Shiira
18/05/2017;Noko;Betei
18/05/2017;Shide;Pan
18/05/2017;Kei;Shiira
20/05/2017;Shika;Mekki
20/05/2017;Shika;Betei
20/05/2017;Tsutsuji;Noko
20/05/2017;Shide;Bon
20/05/2017;Takana;Bon
20/05/2017;Haku;Komatsu
20/05/2017;Shika;Mekki
21/05/2017;Omoto;Kizu
21/05/2017;Omoto;Mikan
21/05/2017;Mizu;Binega
24/05/2017;Shika;Pichi
24/05/2017;Serori;Yomogi
24/05/2017;Yone;Yotsuba
25/05/2017;Kibana;Toga
26/05/2017;Okura;Binega
26/05/2017;Kinoko;Binega
26/05/2017;Binega;Betei
26/05/2017;Haku;Hado
26/05/2017;Yone;Beni
26/05/2017;Usu;Beni
26/05/2017;Yomogi;Pichi
26/05/2017;Kei;Kibana
26/05/2017;Shiso;Shika
26/05/2017;Mizu;Mikan
28/05/2017;Kibana;Takana
28/05/2017;Yashi;Botan
28/05/2017;Kinoko;Yotsuba
28/05/2017;Kinoko;Yotsuba
28/05/2017;Kinoko;Yotsuba
28/05/2017;Kinoko;Yotsuba
28/05/2017;Yotsuba;Serori
28/05/2017;Kei;Takana
28/05/2017;Kei;Tabu
28/05/2017;Yashi;Shida
28/05/2017;Kinoko;Bon
28/05/2017;Takana;Bon
28/05/2017;Shiso;Kibana
28/05/2017;Shide;Shiso
30/05/2017;Kinoko;Bon
30/05/2017;Kibana;Serori
30/05/2017;Noko;Binega
30/05/2017;Usu;Mekki
30/05/2017;Omoto;Yumin
30/05/2017;Kinoko;Bon
30/05/2017;Yomogi;Mekki
30/05/2017;Mikan;Pan
30/05/2017;Kizu;Yone
30/05/2017;Komatsu;Binega
30/05/2017;Kinoko;Beni
30/05/2017;Komatsu;Binega
30/05/2017;Okura;Kanna
30/05/2017;Muku;Botan
30/05/2017;Kizu;Mikan
30/05/2017;Komatsu;Binega
30/05/2017;Kei;hirame
30/05/2017;Komatsu;Binega
30/05/2017;Mikan;Mizu
30/05/2017;Komatsu;Binega
30/05/2017;Yomogi;Beni
30/05/2017;Yashi;Tsutsuji
30/05/2017;Hado;Pichi
30/05/2017;Tabu;Tsutsuji
30/05/2017;Okapi;Shiira
30/05/2017;Tsuwa;Tsutsuji
30/05/2017;Tsuwa;Tsutsuji
30/05/2017;Haku;Muku
30/05/2017;Shiso;Shiira
30/05/2017;Komatsu;Yotsuba
30/05/2017;Noko;Hado
30/05/2017;Yone;Yuna
30/05/2017;Tsutsuji;Okura
30/05/2017;Kei;Kibana
31/05/2017;Kei;Beni
31/05/2017;Kibana;Yuna
31/05/2017;Kibana;Kinoko
31/05/2017;Kibana;Serori
31/05/2017;Yashi;Kibana
31/05/2017;Yashi;Kibana
31/05/2017;Tsutsuji;Kinoko
31/05/2017;Yashi;Shiira
31/05/2017;Shide;Yotsuba
31/05/2017;Komatsu;Yotsuba
31/05/2017;Haku;Binega
31/05/2017;Shide;Kote
31/05/2017;Toga;Botan
31/05/2017;Yamu;Kizu
31/05/2017;Hiba;Serori
31/05/2017;Yomogi;Hiba
31/05/2017;Hiba;Mekki
31/05/2017;Noko;Hiba
31/05/2017;Kei;Tabu
31/05/2017;Yashi;Tsuwa
31/05/2017;Kei;Shide
31/05/2017;Kei;Kibana
01/06/2017;Yone;Mizu
01/06/2017;Okura;Kibana
01/06/2017;Okura;Betei
01/06/2017;Shiira;Yumin
01/06/2017;Shika;Mekki
01/06/2017;Toga;Bon
01/06/2017;Muku;Bon
01/06/2017;Shida;Binega
01/06/2017;Tsutsuji;Binega
01/06/2017;Noko;Shida
01/06/2017;Kei;Tsutsuji
01/06/2017;Shiso;Tsuwa
01/06/2017;Kei;Tsutsuji
01/06/2017;Kei;Tsutsuji
01/06/2017;Shide;Tsutsuji
01/06/2017;Shide;Tsutsuji
01/06/2017;Shika;Tsutsuji
01/06/2017;Kote;Haku
05/06/2017;Shide;Tabu
05/06/2017;Yomogi;Yuna
05/06/2017;Yashi;Kizu
05/06/2017;Kibana;Kizu
06/06/2017;Shiso;Yone
06/06/2017;Shiso;Yone
06/06/2017;Tsutsuji;Yone
06/06/2017;Shika;Usu
06/06/2017;Tsuwa;Omoto
07/06/2017;Kibana;Beni
07/06/2017;Komatsu;Yuna
07/06/2017;Yotsuba;Yuu
07/06/2017;Tabu;Mizu
07/06/2017;Tabu;Komatsu
07/06/2017;Tabu;Komatsu
07/06/2017;Yone;Hiba
07/06/2017;Tsutsuji;Yumin
07/06/2017;Noko;Yumin
07/06/2017;Haku;Toga
07/06/2017;Haku;Toga
07/06/2017;Shida;Hado
08/06/2017;Omoto;Usu
08/06/2017;Yone;Usu
08/06/2017;Yone;Usu
08/06/2017;Yone;Bon
08/06/2017;Yone;Toga
08/06/2017;Yone;Botan
08/06/2017;Yotsuba;Bon
08/06/2017;Kinoko;Yuna
08/06/2017;Yone;Usu
08/06/2017;Shiso;Mikan
08/06/2017;Mekki;Beni
09/06/2017;Shide;Kanna
09/06/2017;Hado;Haku
09/06/2017;Yashi;Hado
09/06/2017;Betei;Binega
09/06/2017;Yone;Binega
09/06/2017;Botan;Binega
09/06/2017;Hado;Binega
09/06/2017;hirame;Mochi
09/06/2017;Shiso;Tsutsuji
10/06/2017;Shide;Muku
10/06/2017;Shide;Takana
10/06/2017;Kinoko;Binega
10/06/2017;Kinoko;Botan
10/06/2017;Uso;Pan
10/06/2017;Kei;Mikan
10/06/2017;Minku;Haku
12/06/2017;Kei;Yashi
12/06/2017;Serori;Toga
12/06/2017;Kote;Mizu
12/06/2017;Kei;Kibana
12/06/2017;Shiso;Kizu
12/06/2017;Usu;Bon
13/06/2017;Yone;Betei
13/06/2017;Bon;Botan
13/06/2017;Takana;Noko
14/06/2017;Shika;Tsutsuji
14/06/2017;Shiso;Shiira
14/06/2017;Shiso;Kizu
14/06/2017;Omoto;Hiba
14/06/2017;Yamu;Haku
14/06/2017;Komatsu;Botan
14/06/2017;Haku;Tabu
15/06/2017;Yamu;Kibana
16/06/2017;Kizu;Muku
18/06/2017;Kei;Tsuwa
18/06/2017;Omoto;Yone
18/06/2017;Kei;Okapi
19/06/2017;Kanna;Yuu
21/06/2017;Mushi;Hado
21/06/2017;Mushi;Shiira